file,total_lines,non_empty_lines
add_accuracy_rows.py,130,105
consistency_check.py,476,388
plot_beta_comparison.py,216,169
plot_us_state_celebrity_map.py,284,259
preprocess_dwts_data.py,388,319
q1_bayes_vote_inversion.py,767,628
q2_methodology_analysis.py,500,385
q3_controversy_analysis.py,437,338
q3_voting_method_evaluation.py,488,382
q4_feature_impact_score.py,189,146
q4_impact_analysis.py,600,472
scrape_partner_data.py,613,520
scrape_partner_data_v2.py,428,363
scrape_partner_data_v3.py,588,493
scripts\count_code_lines.py,53,47
summarize_us_state_population.py,44,30
validate_beta_models.py,185,150
代码副本.py,642,548
敏感度分析1.py,285,238
敏感度分析2.py,337,289
散点图.py,104,88
